{
    "model": "CNN",
    "stage": "Val",
    "accuracy": 0.9745883183049194,
    "precision": 0.9531458797327395,
    "recall": 0.9781161614718739,
    "f1_score": 0.9654695937848089,
    "false_positive_rate": 0.02742382271468144,
    "roc_auc": 0.9979156885600593,
    "pr_auc": 0.9966642075562334,
    "inference_time_per_sample": 4.2628478988073196e-05
}