{"accuracy": [0.9368801712989807, 0.9589041471481323, 0.9634723663330078, 0.966940701007843, 0.9689874649047852, 0.9701729416847229, 0.970533549785614, 0.9709460139274597, 0.9715011119842529, 0.9718409776687622, 0.9719940423965454, 0.9724298119544983], "loss": [0.15264254808425903, 0.11012574285268784, 0.09771309047937393, 0.09054462611675262, 0.08527829498052597, 0.0811200737953186, 0.07871263474225998, 0.07632185518741608, 0.07396138459444046, 0.07317720353603363, 0.07240884751081467, 0.07122804969549179], "val_accuracy": [0.9562636613845825, 0.9672003388404846, 0.9645025134086609, 0.9719319939613342, 0.9736025929450989, 0.9749203324317932, 0.9733431339263916, 0.9748373627662659, 0.9745883345603943, 0.975335419178009, 0.9757400751113892, 0.975760817527771], "val_loss": [0.11175883561372757, 0.09084364771842957, 0.08317090570926666, 0.0808732807636261, 0.08151819556951523, 0.07584987580776215, 0.0712711438536644, 0.06477482616901398, 0.05726871266961098, 0.05910608172416687, 0.05888213962316513, 0.06150383502244949]}