{
    "model": "RF",
    "stage": "Val",
    "accuracy": 0.9982152677617175,
    "precision": 0.9979698624653304,
    "recall": 0.9971145330400252,
    "f1_score": 0.9975420144049388,
    "false_positive_rate": 0.00115691706045299,
    "roc_auc": 0.9998934971057277,
    "pr_auc": 0.9996975687038296,
    "inference_time_per_sample": 1.691603481719465e-06
}