{
    "model": "XGB",
    "stage": "Val",
    "accuracy": 0.9988067197244042,
    "precision": 0.9975754464031035,
    "recall": 0.999142930605948,
    "f1_score": 0.9983585732433166,
    "false_positive_rate": 0.0013850415512465374,
    "roc_auc": 0.9999793592961475,
    "pr_auc": 0.9999633091785056,
    "inference_time_per_sample": 4.358147050402878e-07
}