{
    "model": "XGB",
    "stage": "Test2019",
    "accuracy": 0.9995,
    "precision": 0.9994291422862851,
    "recall": 0.9998572244431754,
    "f1_score": 0.9996431375347941,
    "false_positive_rate": 0.0013351134846461949,
    "roc_auc": 0.9999969977102536,
    "pr_auc": 0.999998720696926,
    "inference_time_per_sample": 3.998994827270508e-07
}